ID,Name,Email,Product Title,Price,Quantity
1,Terry Daugherty,pkLcJhx@DpZvCFE.net,,,
2,Micah Hauck,NWbeuqL@uYAhlnd.ru,,,
,,,ut,24,0
3,Taylor Reynolds,LFUuAuV@PAUdPvF.net,,,
,,,nihil,18,0
,,,modi,27,1
4,Madisen Davis,XWmSasJ@hBoMCgX.biz,,,
,,,perspiciatis,41,4
,,,odio,69,1
,,,sequi,86,2
5,Don Fadel,yiUUIbn@XvMuKKV.ru,,,
,,,blanditiis,67,1
6,Anahi Schumm,CXwMUAS@hnYOSNC.biz,,,
7,Clifford Runolfsson,wkrxXRd@KNlFmSM.biz,,,
8,Dee Daniel,qxALqRF@voLafcI.com,,,
,,,dolores,22,3
,,,quasi,80,3
9,Lottie Morissette,HajxDYX@NBmyBoj.net,,,
,,,reprehenderit,31,3
,,,voluptatem,69,4
,,,provident,24,1
10,Isabella Ullrich,behqRGN@lJEevon.ru,,,
,,,sint,90,3
,,,veritatis,48,2
11,Sibyl Upton,HFQEXJl@suWxBkj.com,,,
,,,voluptatum,14,1
,,,nesciunt,21,4
12,Jamey Schoen,QWXdFMy@ANJHAIl.biz,,,
13,Faustino Wilkinson,GpMwLcu@ITCwwfO.info,,,
,,,et,75,1
14,Maribel Crona,rDkdmoe@pAsUnYE.com,,,
,,,sit,19,3
,,,explicabo,74,2
,,,quis,61,1
15,Curt Wolff,YVJreeY@XBuveMn.info,,,
,,,aut,49,1
,,,quos,37,1
16,Avis Wisoky,AkiQaKX@kuisbCw.com,,,
,,,aliquam,93,3
17,Kathleen Abshire,bYFnaCP@nKjPdGe.biz,,,
,,,fugiat,64,0
,,,quia,68,4
18,Teresa Lind,LuPRkqB@hQgoIRD.net,,,
,,,sint,85,2
,,,labore,21,2
19,"Evangeline O""Connell",vAcbQGs@gveKmSD.org,,,
20,Amber Smith,lmxFjRe@vLruEwo.info,,,
21,Chase Schaden,aFoLiIX@ihiXEqk.ru,,,
,,,temporibus,95,1
22,Amanda Cummerata,ZdPevOc@ePceQvo.com,,,
23,Ronaldo Dibbert,YxhZOlb@obIepFo.com,,,
,,,est,28,2
,,,expedita,19,0
24,Stephen Flatley,SBdgClZ@JxECdCI.info,,,
,,,eum,18,2
,,,minus,83,2
,,,praesentium,84,1
25,Ona Zemlak,nnNgWbY@VrptjuQ.ru,,,
,,,ut,99,0
,,,aut,12,1
,,,dolor,82,2
,,,corporis,52,2
26,Isidro Leffler,ZKUJryF@TFLAbhe.ru,,,
,,,doloremque,62,4
27,Leonard Baumbach,bXYnbgd@RqyMfkJ.com,,,
,,,repudiandae,46,1
,,,ducimus,66,2
28,Issac Wolf,lqtjGqO@HdHrBCE.biz,,,
29,Verner Bernier,YmJtlpB@BDWqyVM.info,,,
30,Erwin Mann,BcIYWAC@gYrxxGt.org,,,
,,,iusto,69,0
,,,consectetur,51,2
